{
	"schemaVersion": 1,
	"id": "patterns-api",
	"version": "${version}",
	"name": "Patterns API",
	"description": "This is an example description! Tell everyone what your mod is about!",
	"authors": [
		"Me!"
	],
	"contact": {
		"homepage": "https://fabricmc.net/",
		"sources": "https://github.com/FabricMC/fabric-example-mod"
	},
	"license": "CC0-1.0",
	"icon": "assets/patterns-api/icon.png",
	"environment": "*",
	"entrypoints": {
		"main": [
			"me.fzzyhmstrs.patterns_api.ExampleMod"
		]
	},
	"mixins": [
		"patterns-api.mixins.json"
	],
	"depends": {
		"fabricloader": ">=0.14.14",
		"minecraft": "~1.19",
		"java": ">=17",
		"fabric-api": "*"
	},
	"suggests": {
		"another-mod": "*"
	}
}